﻿<?xml version="1.0" encoding="utf-8"?>
<publishData>
  <publishProfile publishUrl="C:\Projects\pubs\WF.Sample" deleteExistingFiles="True" ftpAnonymousLogin="False" ftpPassiveMode="True" msdeploySite="" msdeploySiteID="" msdeployRemoteSitePhysicalPath="" msdeployAllowUntrustedCertificate="False" msdeploySkipExtraFilesOnServer="True" msdeployMarkAsApp="False" profileName="Profile1" publishMethod="FileSystem" replaceMatchingFiles="False" userName="" savePWD="False" userPWD="" SelectedForPublish="True">
    <file relUrl="Scripts/jquery-1.6.2.js" publishTime="01/16/2012 00:30:50" />
    <file relUrl="bin/System.Web.WebPages.dll" publishTime="01/16/2012 00:31:07" />
    <file relUrl="Images/findHosting.png" publishTime="01/16/2012 00:30:34" />
    <file relUrl="Content/edit_area/langs/pl.js" publishTime="01/14/2010 01:56:34" />
    <file relUrl="Content/edit_area/template.html" publishTime="01/14/2010 01:56:34" />
    <file relUrl="Content/edit_area/plugins/test/langs/cs.js" publishTime="01/14/2010 01:56:34" />
    <file relUrl="Content/edit_area/plugins/test/langs/sk.js" publishTime="01/14/2010 01:56:34" />
    <file relUrl="bin/WF.Sample.pdb" publishTime="03/22/2012 14:39:30" />
    <file relUrl="Content/themes/base/jquery.ui.accordion.css" publishTime="01/16/2012 00:30:56" />
    <file relUrl="Content/edit_area/plugins/test/langs/zh.js" publishTime="01/14/2010 01:56:34" />
    <file relUrl="Content/edit_area/plugins/test/images/test.gif" publishTime="01/14/2010 01:56:34" />
    <file relUrl="Content/edit_area/images/go_to_line.gif" publishTime="01/14/2010 01:56:34" />
    <file relUrl="Content/edit_area/plugins/charmap/jscripts/map.js" publishTime="01/14/2010 01:56:34" />
    <file relUrl="bin/Microsoft.Web.Infrastructure.dll" publishTime="01/16/2012 00:31:06" />
    <file relUrl="Content/edit_area/plugins/charmap/images/charmap.gif" publishTime="01/14/2010 01:56:34" />
    <file relUrl="Content/edit_area/images/move.gif" publishTime="01/14/2010 01:56:34" />
    <file relUrl="Views/Web.config" publishTime="01/16/2012 00:30:34" />
    <file relUrl="Content/themes/base/jquery.ui.selectable.css" publishTime="01/16/2012 00:30:56" />
    <file relUrl="Content/edit_area/langs/nl.js" publishTime="01/14/2010 01:56:34" />
    <file relUrl="Images/orderedListTwo.png" publishTime="01/16/2012 00:30:34" />
    <file relUrl="Content/edit_area/reg_syntax/perl.js" publishTime="01/14/2010 01:56:34" />
    <file relUrl="Configuration/AppSettings.config" publishTime="03/02/2012 00:35:51" />
    <file relUrl="Content/edit_area/reg_syntax/java.js" publishTime="01/14/2010 01:56:34" />
    <file relUrl="Content/edit_area/langs/ru.js" publishTime="01/14/2010 01:56:34" />
    <file relUrl="Content/edit_area/reg_syntax/js.js" publishTime="01/14/2010 01:56:34" />
    <file relUrl="Content/themes/base/jquery.ui.all.css" publishTime="01/16/2012 00:30:56" />
    <file relUrl="Content/edit_area/keyboard.js" publishTime="01/14/2010 01:56:34" />
    <file relUrl="bin/System.Web.Razor.dll" publishTime="01/16/2012 00:31:07" />
    <file relUrl="Content/edit_area/plugins/test/langs/fr.js" publishTime="01/14/2010 01:56:34" />
    <file relUrl="Content/themes/base/images/ui-bg_glass_65_ffffff_1x400.png" publishTime="01/16/2012 00:30:58" />
    <file relUrl="Content/edit_area/highlight.js" publishTime="01/14/2010 01:56:34" />
    <file relUrl="bin/OptimaJet.Workflow.DbPersistence.dll" publishTime="03/22/2012 14:35:13" />
    <file relUrl="Content/edit_area/reg_syntax/html.js" publishTime="01/14/2010 01:56:34" />
    <file relUrl="Scripts/jquery-1.6.2-vsdoc.js" publishTime="01/16/2012 00:30:49" />
    <file relUrl="Content/edit_area/images/spacer.gif" publishTime="01/14/2010 01:56:34" />
    <file relUrl="Images/bullet.png" publishTime="01/16/2012 00:30:34" />
    <file relUrl="Views/Shared/Error.cshtml" publishTime="01/16/2012 00:30:34" />
    <file relUrl="Scripts/knockout-1.3.0beta.js" publishTime="01/16/2012 00:31:13" />
    <file relUrl="Content/edit_area/langs/bg.js" publishTime="01/14/2010 01:56:34" />
    <file relUrl="Content/edit_area/images/save.gif" publishTime="01/14/2010 01:56:34" />
    <file relUrl="Images/facebook.png" publishTime="01/16/2012 00:30:34" />
    <file relUrl="Content/themes/base/jquery.treeTable.css" publishTime="03/01/2012 19:15:31" />
    <file relUrl="Content/edit_area/images/help.gif" publishTime="01/14/2010 01:56:34" />
    <file relUrl="Scripts/jquery-1.6.2.min.js" publishTime="01/16/2012 00:30:50" />
    <file relUrl="Scripts/jquery.treeTable.min.js" publishTime="02/26/2012 10:39:36" />
    <file relUrl="Content/themes/base/images/ui-bg_glass_55_fbf9ee_1x400.png" publishTime="01/16/2012 00:30:58" />
    <file relUrl="Images/NuGetGallery.png" publishTime="01/16/2012 00:30:34" />
    <file relUrl="Content/edit_area/images/processing.gif" publishTime="01/14/2010 01:56:34" />
    <file relUrl="bin/Microsoft.Web.Optimization.dll" publishTime="01/16/2012 00:31:12" />
    <file relUrl="bin/System.Web.Providers.dll" publishTime="01/16/2012 00:31:11" />
    <file relUrl="Content/themes/base/jquery.ui.resizable.css" publishTime="01/16/2012 00:30:56" />
    <file relUrl="Content/edit_area/images/word_wrap.gif" publishTime="01/14/2010 01:56:34" />
    <file relUrl="Content/edit_area/autocompletion.js" publishTime="01/14/2010 01:56:34" />
    <file relUrl="Content/edit_area/langs/es.js" publishTime="01/14/2010 01:56:34" />
    <file relUrl="Content/edit_area/plugins/charmap/langs/bg.js" publishTime="01/14/2010 01:56:34" />
    <file relUrl="Content/edit_area/plugins/test/langs/hr.js" publishTime="01/14/2010 01:56:34" />
    <file relUrl="Content/edit_area/plugins/test/test2.js" publishTime="01/14/2010 01:56:34" />
    <file relUrl="Images/twitter.png" publishTime="01/16/2012 00:30:34" />
    <file relUrl="Scripts/jquery-ui-1.8.11.min.js" publishTime="01/16/2012 00:30:50" />
    <file relUrl="Content/edit_area/reg_syntax/ruby.js" publishTime="01/14/2010 01:56:34" />
    <file relUrl="Content/themes/base/images/ui-icons_2e83ff_256x240.png" publishTime="01/16/2012 00:30:57" />
    <file relUrl="Content/style.css" publishTime="01/30/2012 16:43:16" />
    <file relUrl="Content/edit_area/reg_syntax/sql.js" publishTime="01/14/2010 01:56:34" />
    <file relUrl="bin/System.Web.WebPages.Deployment.dll" publishTime="01/16/2012 00:31:07" />
    <file relUrl="Content/edit_area/images/autocompletion.gif" publishTime="01/14/2010 01:56:34" />
    <file relUrl="Content/edit_area/edit_area_loader.js" publishTime="01/14/2010 01:56:34" />
    <file relUrl="Views/Settings/StructDivision.cshtml" publishTime="03/15/2012 01:08:50" />
    <file relUrl="Content/edit_area/langs/mk.js" publishTime="01/14/2010 01:56:34" />
    <file relUrl="Content/edit_area/langs/de.js" publishTime="01/14/2010 01:56:34" />
    <file relUrl="Content/edit_area/images/undo.gif" publishTime="01/14/2010 01:56:34" />
    <file relUrl="Global.asax" publishTime="01/16/2012 00:30:34" />
    <file relUrl="bin/WF.Sample.Business.dll" publishTime="03/22/2012 14:39:29" />
    <file relUrl="Content/edit_area/reg_syntax/css.js" publishTime="01/14/2010 01:56:34" />
    <file relUrl="Views/Document/DocumentHistory.cshtml" publishTime="03/19/2012 23:22:15" />
    <file relUrl="Content/edit_area/plugins/charmap/langs/fr.js" publishTime="01/14/2010 01:56:34" />
    <file relUrl="Content/edit_area/plugins/test/langs/bg.js" publishTime="01/14/2010 01:56:34" />
    <file relUrl="bin/OptimaJet.Workflow.Core.dll" publishTime="03/22/2012 14:29:06" />
    <file relUrl="bin/log4net.dll" publishTime="12/02/2011 13:11:00" />
    <file relUrl="Content/edit_area/plugins/test/langs/mk.js" publishTime="01/14/2010 01:56:34" />
    <file relUrl="Configuration/ConnectionString.config" publishTime="03/22/2012 14:29:06" />
    <file relUrl="Content/edit_area/langs/cs.js" publishTime="01/14/2010 01:56:34" />
    <file relUrl="Web.config" publishTime="03/22/2012 15:00:22" />
    <file relUrl="Content/edit_area/langs/fi.js" publishTime="01/14/2010 01:56:34" />
    <file relUrl="Content/edit_area/plugins/charmap/langs/mk.js" publishTime="01/14/2010 01:56:34" />
    <file relUrl="bin/System.Web.Mvc.dll" publishTime="01/16/2012 00:31:10" />
    <file relUrl="Scripts/jquery.unobtrusive-ajax.js" publishTime="01/16/2012 00:31:02" />
    <file relUrl="packages.config" publishTime="01/16/2012 00:31:13" />
    <file relUrl="Content/edit_area/plugins/charmap/langs/en.js" publishTime="01/14/2010 01:56:34" />
    <file relUrl="Content/edit_area/manage_area.js" publishTime="01/14/2010 01:56:34" />
    <file relUrl="Content/edit_area/search_replace.js" publishTime="01/14/2010 01:56:34" />
    <file relUrl="Content/edit_area/elements_functions.js" publishTime="01/14/2010 01:56:34" />
    <file relUrl="Content/edit_area/langs/it.js" publishTime="01/14/2010 01:56:34" />
    <file relUrl="Scripts/modernizr-2.0.6-development-only.js" publishTime="01/16/2012 00:31:05" />
    <file relUrl="Content/themes/base/images/toggle-expand-light.png" publishTime="02/26/2012 10:39:36" />
    <file relUrl="Content/themes/base/images/ui-icons_222222_256x240.png" publishTime="01/16/2012 00:30:57" />
    <file relUrl="Content/edit_area/images/reset_highlight.gif" publishTime="01/14/2010 01:56:34" />
    <file relUrl="Content/edit_area/images/fullscreen.gif" publishTime="01/14/2010 01:56:34" />
    <file relUrl="Views/Shared/Partial/MainMenu.cshtml" publishTime="03/19/2012 22:42:02" />
    <file relUrl="Content/themes/base/images/ui-bg_highlight-soft_75_cccccc_1x100.png" publishTime="01/16/2012 00:30:57" />
    <file relUrl="Content/edit_area/plugins/test/test.js" publishTime="01/14/2010 01:56:34" />
    <file relUrl="Content/edit_area/images/redo.gif" publishTime="01/14/2010 01:56:34" />
    <file relUrl="Content/edit_area/images/search.gif" publishTime="01/14/2010 01:56:34" />
    <file relUrl="Content/edit_area/images/smooth_selection.gif" publishTime="01/14/2010 01:56:34" />
    <file relUrl="Content/edit_area/langs/hr.js" publishTime="01/14/2010 01:56:34" />
    <file relUrl="bin/System.Web.Helpers.dll" publishTime="01/16/2012 00:31:07" />
    <file relUrl="Content/edit_area/plugins/test/langs/eo.js" publishTime="01/14/2010 01:56:34" />
    <file relUrl="Content/edit_area/images/highlight.gif" publishTime="01/14/2010 01:56:34" />
    <file relUrl="Content/themes/base/images/toggle-collapse-dark.png" publishTime="02/26/2012 10:39:36" />
    <file relUrl="Views/_ViewStart.cshtml" publishTime="01/16/2012 00:30:34" />
    <file relUrl="Content/edit_area/plugins/charmap/langs/eo.js" publishTime="01/14/2010 01:56:34" />
    <file relUrl="Content/themes/base/jquery.ui.autocomplete.css" publishTime="01/16/2012 00:30:56" />
    <file relUrl="Content/edit_area/plugins/charmap/langs/de.js" publishTime="01/14/2010 01:56:34" />
    <file relUrl="Content/edit_area/langs/dk.js" publishTime="01/14/2010 01:56:34" />
    <file relUrl="Views/Document/Edit.cshtml" publishTime="03/19/2012 22:42:03" />
    <file relUrl="Content/edit_area/plugins/charmap/langs/sk.js" publishTime="01/14/2010 01:56:34" />
    <file relUrl="Images/windowsLive.png" publishTime="01/16/2012 00:30:34" />
    <file relUrl="Images/orderedListOne.png" publishTime="01/16/2012 00:30:34" />
    <file relUrl="Content/themes/base/images/ui-bg_glass_75_e6e6e6_1x400.png" publishTime="01/16/2012 00:30:58" />
    <file relUrl="Images/accent.png" publishTime="01/16/2012 00:30:34" />
    <file relUrl="Scripts/jquery.validate-vsdoc.js" publishTime="01/16/2012 00:30:50" />
    <file relUrl="Content/edit_area/plugins/charmap/css/charmap.css" publishTime="01/14/2010 01:56:34" />
    <file relUrl="Content/themes/base/jquery.ui.theme.css" publishTime="01/16/2012 00:30:50" />
    <file relUrl="Content/edit_area/reg_syntax/c.js" publishTime="01/14/2010 01:56:34" />
    <file relUrl="Content/themes/base/images/ui-bg_glass_95_fef1ec_1x400.png" publishTime="01/16/2012 00:30:58" />
    <file relUrl="Content/edit_area/plugins/test/langs/pl.js" publishTime="01/14/2010 01:56:34" />
    <file relUrl="Content/edit_area/plugins/test/langs/nl.js" publishTime="01/14/2010 01:56:34" />
    <file relUrl="Content/edit_area/plugins/charmap/charmap.js" publishTime="01/14/2010 01:56:34" />
    <file relUrl="Scripts/jquery.validate.js" publishTime="01/16/2012 00:30:50" />
    <file relUrl="Views/Settings/Roles.cshtml" publishTime="03/15/2012 00:42:17" />
    <file relUrl="Content/themes/base/images/ui-bg_glass_75_dadada_1x400.png" publishTime="01/16/2012 00:30:58" />
    <file relUrl="Content/themes/base/jquery.ui.button.css" publishTime="01/16/2012 00:30:56" />
    <file relUrl="Content/edit_area/images/opacity.png" publishTime="01/14/2010 01:56:34" />
    <file relUrl="Content/themes/base/images/toggle-expand-dark.png" publishTime="02/26/2012 10:39:36" />
    <file relUrl="Content/edit_area/plugins/charmap/langs/pl.js" publishTime="01/14/2010 01:56:34" />
    <file relUrl="Content/edit_area/reg_syntax.js" publishTime="01/14/2010 01:56:34" />
    <file relUrl="Content/themes/base/jquery.ui.core.css" publishTime="01/16/2012 00:30:56" />
    <file relUrl="Content/edit_area/edit_area_full.js" publishTime="01/14/2010 01:56:34" />
    <file relUrl="Content/edit_area/plugins/test/langs/dk.js" publishTime="01/14/2010 01:56:34" />
    <file relUrl="Views/Shared/Partial/Footer.cshtml" publishTime="03/12/2012 15:57:15" />
    <file relUrl="Content/edit_area/plugins/test/langs/ja.js" publishTime="01/14/2010 01:56:34" />
    <file relUrl="Content/edit_area/plugins/test/langs/en.js" publishTime="01/14/2010 01:56:34" />
    <file relUrl="Content/edit_area/edit_area_functions.js" publishTime="01/14/2010 01:56:34" />
    <file relUrl="Content/edit_area/langs/en.js" publishTime="01/14/2010 01:56:34" />
    <file relUrl="Scripts/jquery.validate.unobtrusive.min.js" publishTime="01/16/2012 00:31:00" />
    <file relUrl="Content/edit_area/reg_syntax/basic.js" publishTime="01/14/2010 01:56:34" />
    <file relUrl="Views/Shared/_Layout.cshtml" publishTime="03/19/2012 23:43:40" />
    <file relUrl="Content/edit_area/edit_area.css" publishTime="01/14/2010 01:56:34" />
    <file relUrl="Content/themes/base/images/ui-icons_cd0a0a_256x240.png" publishTime="01/16/2012 00:30:56" />
    <file relUrl="Content/edit_area/plugins/charmap/langs/nl.js" publishTime="01/14/2010 01:56:34" />
    <file relUrl="Content/edit_area/images/close.gif" publishTime="01/14/2010 01:56:34" />
    <file relUrl="Content/edit_area/plugins/charmap/langs/hr.js" publishTime="01/14/2010 01:56:34" />
    <file relUrl="Images/aspNetHome.png" publishTime="01/16/2012 00:30:34" />
    <file relUrl="Content/edit_area/images/newdocument.gif" publishTime="01/14/2010 01:56:34" />
    <file relUrl="Content/themes/base/images/ui-bg_flat_0_aaaaaa_40x100.png" publishTime="01/16/2012 00:30:58" />
    <file relUrl="Content/edit_area/langs/sk.js" publishTime="01/14/2010 01:56:34" />
    <file relUrl="bin/WF.Sample.dll" publishTime="03/22/2012 14:39:30" />
    <file relUrl="Scripts/AjaxLogin.js" publishTime="01/16/2012 00:30:34" />
    <file relUrl="Images/heroAccent.png" publishTime="01/16/2012 00:30:34" />
    <file relUrl="Views/Document/Index.cshtml" publishTime="03/19/2012 22:42:03" />
    <file relUrl="Content/themes/base/jquery.ui.slider.css" publishTime="01/16/2012 00:30:56" />
    <file relUrl="Content/edit_area/plugins/charmap/langs/ru.js" publishTime="01/14/2010 01:56:34" />
    <file relUrl="Views/Shared/Partial/Header.cshtml" publishTime="03/19/2012 23:38:51" />
    <file relUrl="Content/themes/base/images/ui-bg_flat_75_ffffff_40x100.png" publishTime="01/16/2012 00:30:58" />
    <file relUrl="Content/edit_area/plugins/test/langs/pt.js" publishTime="01/14/2010 01:56:34" />
    <file relUrl="bin/OptimaJet.Common.dll" publishTime="03/22/2012 14:29:06" />
    <file relUrl="Content/edit_area/images/load.gif" publishTime="01/14/2010 01:56:34" />
    <file relUrl="Scripts/jquery-ui-1.8.11.js" publishTime="01/16/2012 00:30:50" />
    <file relUrl="Content/edit_area/plugins/test/langs/it.js" publishTime="01/14/2010 01:56:34" />
    <file relUrl="Content/Site.css" publishTime="01/16/2012 00:30:34" />
    <file relUrl="Content/edit_area/reg_syntax/tsql.js" publishTime="01/14/2010 01:56:34" />
    <file relUrl="bin/System.Web.WebPages.Razor.dll" publishTime="01/16/2012 00:31:07" />
    <file relUrl="Content/edit_area/reg_syntax/php.js" publishTime="01/14/2010 01:56:34" />
    <file relUrl="Content/edit_area/plugins/charmap/langs/it.js" publishTime="01/14/2010 01:56:34" />
    <file relUrl="Images/orderedListThree.png" publishTime="01/16/2012 00:30:34" />
    <file relUrl="Content/edit_area/reg_syntax/vb.js" publishTime="01/14/2010 01:56:34" />
    <file relUrl="Content/themes/base/jquery.ui.datepicker.css" publishTime="01/16/2012 00:30:56" />
    <file relUrl="Content/edit_area/reg_syntax/xml.js" publishTime="01/14/2010 01:56:34" />
    <file relUrl="Content/edit_area/plugins/charmap/langs/zh.js" publishTime="01/14/2010 01:56:34" />
    <file relUrl="Content/edit_area/edit_area.js" publishTime="01/14/2010 01:56:34" />
    <file relUrl="Content/edit_area/plugins/charmap/popup.html" publishTime="01/14/2010 01:56:34" />
    <file relUrl="Content/edit_area/reg_syntax/coldfusion.js" publishTime="01/14/2010 01:56:34" />
    <file relUrl="Content/edit_area/langs/fr.js" publishTime="01/14/2010 01:56:34" />
    <file relUrl="Content/edit_area/plugins/test/css/test.css" publishTime="01/14/2010 01:56:34" />
    <file relUrl="Content/themes/base/jquery.ui.tabs.css" publishTime="01/16/2012 00:30:56" />
    <file relUrl="Content/themes/base/images/ui-icons_888888_256x240.png" publishTime="01/16/2012 00:30:56" />
    <file relUrl="Content/edit_area/plugins/charmap/langs/ja.js" publishTime="01/14/2010 01:56:34" />
    <file relUrl="bin/WF.Sample.Business.pdb" publishTime="03/22/2012 14:39:28" />
    <file relUrl="Content/themes/base/jquery.ui.dialog.css" publishTime="01/16/2012 00:30:56" />
    <file relUrl="Content/themes/base/jquery.ui.progressbar.css" publishTime="01/16/2012 00:30:56" />
    <file relUrl="Content/edit_area/plugins/charmap/langs/cs.js" publishTime="01/14/2010 01:56:34" />
    <file relUrl="Content/edit_area/langs/pt.js" publishTime="01/14/2010 01:56:34" />
    <file relUrl="Content/edit_area/reg_syntax/brainfuck.js" publishTime="01/14/2010 01:56:34" />
    <file relUrl="Content/edit_area/reg_syntax/cpp.js" publishTime="01/14/2010 01:56:34" />
    <file relUrl="Content/edit_area/plugins/test/langs/ru.js" publishTime="01/14/2010 01:56:34" />
    <file relUrl="Scripts/knockout-1.3.0beta.debug.js" publishTime="01/16/2012 00:31:13" />
    <file relUrl="Content/edit_area/plugins/test/langs/de.js" publishTime="01/14/2010 01:56:34" />
    <file relUrl="Content/edit_area/plugins/charmap/langs/pt.js" publishTime="01/14/2010 01:56:34" />
    <file relUrl="Content/edit_area/plugins/charmap/langs/dk.js" publishTime="01/14/2010 01:56:34" />
    <file relUrl="Content/edit_area/reg_syntax/python.js" publishTime="01/14/2010 01:56:34" />
    <file relUrl="Content/edit_area/resize_area.js" publishTime="01/14/2010 01:56:34" />
    <file relUrl="Configuration/Logging.config" publishTime="01/05/2012 15:57:27" />
    <file relUrl="Scripts/jquery.validate.min.js" publishTime="01/16/2012 00:30:50" />
    <file relUrl="Content/edit_area/plugins/test/langs/es.js" publishTime="01/14/2010 01:56:34" />
    <file relUrl="Content/themes/base/images/toggle-collapse-light.png" publishTime="02/26/2012 10:39:36" />
    <file relUrl="Content/edit_area/langs/eo.js" publishTime="01/14/2010 01:56:34" />
    <file relUrl="Views/Settings/Edit.cshtml" publishTime="03/15/2012 01:29:13" />
    <file relUrl="Content/edit_area/reg_syntax/robotstxt.js" publishTime="01/14/2010 01:56:34" />
    <file relUrl="Content/edit_area/langs/zh.js" publishTime="01/14/2010 01:56:34" />
    <file relUrl="Content/edit_area/reg_syntax/pas.js" publishTime="01/14/2010 01:56:34" />
    <file relUrl="Scripts/jquery.unobtrusive-ajax.min.js" publishTime="01/16/2012 00:31:01" />
    <file relUrl="Content/themes/base/images/ui-icons_454545_256x240.png" publishTime="01/16/2012 00:30:56" />
    <file relUrl="Content/themes/base/jquery.ui.base.css" publishTime="01/16/2012 00:30:56" />
    <file relUrl="Scripts/jquery.validate.unobtrusive.js" publishTime="01/16/2012 00:31:00" />
    <file relUrl="Content/edit_area/images/statusbar_resize.gif" publishTime="01/14/2010 01:56:34" />
    <file relUrl="Content/edit_area/regexp.js" publishTime="01/14/2010 01:56:34" />
    <file relUrl="Content/edit_area/langs/ja.js" publishTime="01/14/2010 01:56:34" />
    <file relUrl="Content/edit_area/plugins/charmap/langs/es.js" publishTime="01/14/2010 01:56:34" />
  </publishProfile>
</publishData>